j,m,xi,spin_up,spin_down,zeeman_energy_khz,rotation_energy_ghz
0,-0.5,False,0.0,1.0,7.663946133336419,0.0
0,0.5,True,1.0,0.0,-7.663946133336419,0.0
1,-1.5,False,0.0,1.0,-0.3280755116359937,288.0
1,-0.5,False,0.33504192909907193,-0.9422032189212539,9.80624063867471,288.0
1,0.5,False,0.236200666441744,-0.971704299245648,17.120407807172263,288.0
1,-0.5,True,0.9422032189212539,0.33504192909907193,-9.278262283647125,288.0
1,0.5,True,0.971704299245648,0.236200666441744,-9.128386162199849,288.0
1,1.5,True,1.0,0.0,-8.191924488364005,288.0
