j,m1,xi1,m2,xi2,index1,index2,energy_diff,coupling
0,0.5,True,-0.5,False,1,0,15.327892266672839,-0.0
1,-0.5,False,-1.5,False,3,2,-10.134316150310704,0.18844064378425043
1,0.5,False,-0.5,False,4,3,-7.314167168497553,0.1672811583299487
1,0.5,False,-0.5,True,4,5,-26.398670090819387,-0.10962214223317604
1,-0.5,True,-1.5,False,5,2,8.950186772011131,-0.06700838581981426
1,0.5,True,-0.5,True,6,5,-0.14987612144727613,-0.16728115832994817
1,0.5,True,-0.5,False,6,3,18.93462680087456,-0.10962214223317604
1,1.5,True,0.5,True,7,6,-0.9364616738358436,0.19434085984912974
1,1.5,True,0.5,False,7,4,25.31233229553627,0.04724013328834884
