{"data":{"mean_excitation":{"header":["mean_excitation","pyseq_sequence"],"values":[[0.02,-0.005],[0.04,-0.004655172413793104],[0.07,-0.004310344827586207],[0.05,-0.003965517241379311],[0.01,-0.0036206896551724136],[0.07,-0.0032758620689655174],[0.06,-0.0029310344827586207],[0.02,-0.002586206896551724],[0.06,-0.0022413793103448275],[0.02,-0.0018965517241379308],[0.22,-0.0015517241379310342],[0.04,-0.0012068965517241376],[0.02,-0.0008620689655172414],[0.31,-0.0005172413793103443],[0.44,-0.0001724137931034481],[0.41,0.00017241379310344897],[0.4,0.0005172413793103452],[0.15,0.0008620689655172414],[0.03,0.0012068965517241384],[0.13,0.0015517241379310346],[0.03,0.0018965517241379317],[0.03,0.002241379310344828],[0.09,0.002586206896551725],[0.01,0.002931034482758621],[0.0,0.0032758620689655174],[0.01,0.0036206896551724136],[0.03,0.0039655172413793115],[0.04,0.004310344827586208],[0.07,0.004655172413793104],[0.05,0.005]]},"thresholds":{"header":["thresholds","pyseq_sequence"],"values":[[50.88283244256541,51.52099453573708,-0.005],[50.88283244256541,51.52099453573708,-0.004655172413793104],[50.88283244256541,51.52099453573708,-0.004310344827586207],[50.88283244256541,51.52099453573708,-0.003965517241379311],[50.88283244256541,51.52099453573708,-0.0036206896551724136],[50.88283244256541,51.52099453573708,-0.0032758620689655174],[50.88283244256541,51.52099453573708,-0.0029310344827586207],[50.88283244256541,51.52099453573708,-0.002586206896551724],[50.88283244256541,51.52099453573708,-0.0022413793103448275],[50.88283244256541,51.52099453573708,-0.0018965517241379308],[50.88283244256541,51.52099453573708,-0.0015517241379310342],[50.88283244256541,51.52099453573708,-0.0012068965517241376],[50.88283244256541,51.52099453573708,-0.0008620689655172414],[50.88283244256541,51.52099453573708,-0.0005172413793103443],[50.88283244256541,51.52099453573708,-0.0001724137931034481],[50.88283244256541,51.52099453573708,0.00017241379310344897],[50.88283244256541,51.52099453573708,0.0005172413793103452],[50.88283244256541,51.52099453573708,0.0008620689655172414],[50.88283244256541,51.52099453573708,0.0012068965517241384],[50.88283244256541,51.52099453573708,0.0015517241379310346],[50.88283244256541,51.52099453573708,0.0018965517241379317],[50.88283244256541,51.52099453573708,0.002241379310344828],[50.88283244256541,51.52099453573708,0.002586206896551725],[50.88283244256541,51.52099453573708,0.002931034482758621],[50.88283244256541,51.52099453573708,0.0032758620689655174],[50.88283244256541,51.52099453573708,0.0036206896551724136],[50.88283244256541,51.52099453573708,0.0039655172413793115],[50.88283244256541,51.52099453573708,0.004310344827586208],[50.88283244256541,51.52099453573708,0.004655172413793104],[50.88283244256541,51.52099453573708,0.005]]},"detection_mean":{"header":["mean","pyseq_sequence"],"values":[[110.92,-0.005],[107.55,-0.004655172413793104],[105.92,-0.004310344827586207],[107.97,-0.003965517241379311],[112.24,-0.0036206896551724136],[107.81,-0.0032758620689655174],[106.31,-0.0029310344827586207],[113.72,-0.002586206896551724],[107.58,-0.0022413793103448275],[111.06,-0.0018965517241379308],[91.66,-0.0015517241379310342],[107.99,-0.0012068965517241376],[109.66,-0.0008620689655172414],[79.52,-0.0005172413793103443],[65.82,-0.0001724137931034481],[69.14,0.00017241379310344897],[69.86,0.0005172413793103452],[98.31,0.0008620689655172414],[107.63,0.0012068965517241384],[96.51,0.0015517241379310346],[110.02,0.0018965517241379317],[108.78,0.002241379310344828],[104.62,0.002586206896551725],[111.9,0.002931034482758621],[112.95,0.0032758620689655174],[114.2,0.0036206896551724136],[109.11,0.0039655172413793115],[107.28,0.004310344827586208],[104.6,0.004655172413793104],[108.93,0.005]]},"doppler_mean":{"header":["mean","pyseq_sequence"],"values":[[67.83,-0.005],[65.89,-0.004655172413793104],[66.4,-0.004310344827586207],[65.71,-0.003965517241379311],[66.51,-0.0036206896551724136],[68.44,-0.0032758620689655174],[70.01,-0.0029310344827586207],[67.93,-0.002586206896551724],[67.71,-0.0022413793103448275],[66.7,-0.0018965517241379308],[67.43,-0.0015517241379310342],[67.47,-0.0012068965517241376],[66.44,-0.0008620689655172414],[67.92,-0.0005172413793103443],[66.87,-0.0001724137931034481],[65.81,0.00017241379310344897],[66.04,0.0005172413793103452],[64.99,0.0008620689655172414],[63.61,0.0012068965517241384],[64.35,0.0015517241379310346],[67.1,0.0018965517241379317],[67.96,0.002241379310344828],[67.71,0.002586206896551725],[65.76,0.002931034482758621],[65.39,0.0032758620689655174],[67.46,0.0036206896551724136],[66.94,0.0039655172413793115],[64.77,0.004310344827586208],[69.84,0.004655172413793104],[68.56,0.005]]},"bins":{"header":["bin 0","bin 1","bin 2","pyseq_sequence"],"values":[[2,0,98,-0.005],[4,0,96,-0.004655172413793104],[7,0,93,-0.004310344827586207],[5,0,95,-0.003965517241379311],[1,0,99,-0.0036206896551724136],[7,0,93,-0.0032758620689655174],[6,0,94,-0.0029310344827586207],[2,0,98,-0.002586206896551724],[6,0,94,-0.0022413793103448275],[2,0,98,-0.0018965517241379308],[22,0,78,-0.0015517241379310342],[4,0,96,-0.0012068965517241376],[2,0,98,-0.0008620689655172414],[31,0,69,-0.0005172413793103443],[44,0,56,-0.0001724137931034481],[41,0,59,0.00017241379310344897],[40,0,60,0.0005172413793103452],[15,0,85,0.0008620689655172414],[3,0,97,0.0012068965517241384],[13,0,87,0.0015517241379310346],[3,0,97,0.0018965517241379317],[3,0,97,0.002241379310344828],[9,0,91,0.002586206896551725],[1,0,99,0.002931034482758621],[0,0,100,0.0032758620689655174],[1,0,99,0.0036206896551724136],[3,0,97,0.0039655172413793115],[4,0,96,0.004310344827586208],[7,0,93,0.004655172413793104],[5,0,95,0.005]]}},"parameters":{"description":"QLS com (S) w/ recover","experiment_parameters":{"No. Of Ions":2,