{"data":{"mean_excitation":{"header":["mean_excitation","pyseq_sequence"],"values":[[0.03,-0.005],[0.05,-0.004655172413793104],[0.02,-0.004310344827586207],[0.01,-0.003965517241379311],[0.03,-0.0036206896551724136],[0.01,-0.0032758620689655174],[0.05,-0.0029310344827586207],[0.01,-0.002586206896551724],[0.1,-0.0022413793103448275],[0.0,-0.0018965517241379308],[0.02,-0.0015517241379310342],[0.07,-0.0012068965517241376],[0.06,-0.0008620689655172414],[0.32,-0.0005172413793103443],[0.41,-0.0001724137931034481],[0.38,0.00017241379310344897],[0.28,0.0005172413793103452],[0.04,0.0008620689655172414],[0.11,0.0012068965517241384],[0.15,0.0015517241379310346],[0.01,0.0018965517241379317],[0.05,0.002241379310344828],[0.03,0.002586206896551725],[0.02,0.002931034482758621],[0.06,0.0032758620689655174],[0.05,0.0036206896551724136],[0.04,0.0039655172413793115],[0.01,0.004310344827586208],[0.04,0.004655172413793104],[0.02,0.005]]},"thresholds":{"header":["thresholds","pyseq_sequence"],"values":[[50.88283244256541,51.52099453573708,-0.005],[50.88283244256541,51.52099453573708,-0.004655172413793104],[50.88283244256541,51.52099453573708,-0.004310344827586207],[50.88283244256541,51.52099453573708,-0.003965517241379311],[50.88283244256541,51.52099453573708,-0.0036206896551724136],[50.88283244256541,51.52099453573708,-0.0032758620689655174],[50.88283244256541,51.52099453573708,-0.0029310344827586207],[50.88283244256541,51.52099453573708,-0.002586206896551724],[50.88283244256541,51.52099453573708,-0.0022413793103448275],[50.88283244256541,51.52099453573708,-0.0018965517241379308],[50.88283244256541,51.52099453573708,-0.0015517241379310342],[50.88283244256541,51.52099453573708,-0.0012068965517241376],[50.88283244256541,51.52099453573708,-0.0008620689655172414],[50.88283244256541,51.52099453573708,-0.0005172413793103443],[50.88283244256541,51.52099453573708,-0.0001724137931034481],[50.88283244256541,51.52099453573708,0.00017241379310344897],[50.88283244256541,51.52099453573708,0.0005172413793103452],[50.88283244256541,51.52099453573708,0.0008620689655172414],[50.88283244256541,51.52099453573708,0.0012068965517241384],[50.88283244256541,51.52099453573708,0.0015517241379310346],[50.88283244256541,51.52099453573708,0.0018965517241379317],[50.88283244256541,51.52099453573708,0.002241379310344828],[50.88283244256541,51.52099453573708,0.002586206896551725],[50.88283244256541,51.52099453573708,0.002931034482758621],[50.88283244256541,51.52099453573708,0.0032758620689655174],[50.88283244256541,51.52099453573708,0.0036206896551724136],[50.88283244256541,51.52099453573708,0.0039655172413793115],[50.88283244256541,51.52099453573708,0.004310344827586208],[50.88283244256541,51.52099453573708,0.004655172413793104],[50.88283244256541,51.52099453573708,0.005]]},"detection_mean":{"header":["mean","pyseq_sequence"],"values":[[109.89,-0.005],[109.59,-0.004655172413793104],[109.97,-0.004310344827586207],[113.81,-0.003965517241379311],[110.2,-0.0036206896551724136],[112.45,-0.0032758620689655174],[108.04,-0.0029310344827586207],[109.36,-0.002586206896551724],[101.01,-0.0022413793103448275],[107.55,-0.0018965517241379308],[109.12,-0.0015517241379310342],[104.5,-0.0012068965517241376],[105.92,-0.0008620689655172414],[77.83,-0.0005172413793103443],[68.55,-0.0001724137931034481],[72.16,0.00017241379310344897],[83.37,0.0005172413793103452],[108.16,0.0008620689655172414],[100.58,0.0012068965517241384],[94.29,0.0015517241379310346],[113.08,0.0018965517241379317],[107.41,0.002241379310344828],[108.81,0.002586206896551725],[109.02,0.002931034482758621],[103.23,0.0032758620689655174],[105.5,0.0036206896551724136],[109.58,0.0039655172413793115],[112.0,0.004310344827586208],[109.0,0.004655172413793104],[111.68,0.005]]},"doppler_mean":{"header":["mean","pyseq_sequence"],"values":[[68.57,-0.005],[69.62,-0.004655172413793104],[68.15,-0.004310344827586207],[67.1,-0.003965517241379311],[67.09,-0.0036206896551724136],[66.59,-0.0032758620689655174],[67.01,-0.0029310344827586207],[65.91,-0.002586206896551724],[65.9,-0.0022413793103448275],[62.76,-0.0018965517241379308],[64.26,-0.0015517241379310342],[67.69,-0.0012068965517241376],[64.51,-0.0008620689655172414],[66.51,-0.0005172413793103443],[67.25,-0.0001724137931034481],[65.68,0.00017241379310344897],[65.47,0.0005172413793103452],[65.27,0.0008620689655172414],[62.58,0.0012068965517241384],[64.8,0.0015517241379310346],[65.31,0.0018965517241379317],[67.3,0.002241379310344828],[67.34,0.002586206896551725],[63.95,0.002931034482758621],[62.81,0.0032758620689655174],[64.18,0.0036206896551724136],[66.24,0.0039655172413793115],[69.0,0.004310344827586208],[70.34,0.004655172413793104],[66.59,0.005]]},"bins":{"header":["bin 0","bin 1","bin 2","pyseq_sequence"],"values":[[3,0,97,-0.005],[5,0,95,-0.004655172413793104],[2,0,98,-0.004310344827586207],[1,0,99,-0.003965517241379311],[3,0,97,-0.0036206896551724136],[1,0,99,-0.0032758620689655174],[5,0,95,-0.0029310344827586207],[1,0,99,-0.002586206896551724],[10,0,90,-0.0022413793103448275],[0,0,100,-0.0018965517241379308],[2,0,98,-0.0015517241379310342],[7,0,93,-0.0012068965517241376],[6,0,94,-0.0008620689655172414],[32,0,68,-0.0005172413793103443],[41,0,59,-0.0001724137931034481],[38,0,62,0.00017241379310344897],[28,0,72,0.0005172413793103452],[4,0,96,0.0008620689655172414],[11,0,89,0.0012068965517241384],[15,0,85,0.0015517241379310346],[1,0,99,0.0018965517241379317],[5,0,95,0.002241379310344828],[3,0,97,0.002586206896551725],[2,0,98,0.002931034482758621],[6,0,94,0.0032758620689655174],[5,0,95,0.0036206896551724136],[4,0,96,0.0039655172413793115],[1,0,99,0.004310344827586208],[4,0,96,0.004655172413793104],[2,0,98,0.005]]}},"parameters":{"description":"QLS com (S) w/ recover","experiment_parameters":{"No. Of Ions":2,