{"data":{"mean_excitation":{"header":["mean_excitation","pyseq_sequence"],"values":[[0.05,-0.005],[0.02,-0.004655172413793104],[0.06,-0.004310344827586207],[0.06,-0.003965517241379311],[0.12,-0.0036206896551724136],[0.0,-0.0032758620689655174],[0.01,-0.0029310344827586207],[0.02,-0.002586206896551724],[0.05,-0.0022413793103448275],[0.09,-0.0018965517241379308],[0.11,-0.0015517241379310342],[0.05,-0.0012068965517241376],[0.03,-0.0008620689655172414],[0.26,-0.0005172413793103443],[0.43,-0.0001724137931034481],[0.33,0.00017241379310344897],[0.54,0.0005172413793103452],[0.12,0.0008620689655172414],[0.08,0.0012068965517241384],[0.17,0.0015517241379310346],[0.03,0.0018965517241379317],[0.05,0.002241379310344828],[0.05,0.002586206896551725],[0.03,0.002931034482758621],[0.02,0.0032758620689655174],[0.04,0.0036206896551724136],[0.02,0.0039655172413793115],[0.09,0.004310344827586208],[0.02,0.004655172413793104],[0.01,0.005]]},"thresholds":{"header":["thresholds","pyseq_sequence"],"values":[[50.88283244256541,51.52099453573708,-0.005],[50.88283244256541,51.52099453573708,-0.004655172413793104],[50.88283244256541,51.52099453573708,-0.004310344827586207],[50.88283244256541,51.52099453573708,-0.003965517241379311],[50.88283244256541,51.52099453573708,-0.0036206896551724136],[50.88283244256541,51.52099453573708,-0.0032758620689655174],[50.88283244256541,51.52099453573708,-0.0029310344827586207],[50.88283244256541,51.52099453573708,-0.002586206896551724],[50.88283244256541,51.52099453573708,-0.0022413793103448275],[50.88283244256541,51.52099453573708,-0.0018965517241379308],[50.88283244256541,51.52099453573708,-0.0015517241379310342],[50.88283244256541,51.52099453573708,-0.0012068965517241376],[50.88283244256541,51.52099453573708,-0.0008620689655172414],[50.88283244256541,51.52099453573708,-0.0005172413793103443],[50.88283244256541,51.52099453573708,-0.0001724137931034481],[50.88283244256541,51.52099453573708,0.00017241379310344897],[50.88283244256541,51.52099453573708,0.0005172413793103452],[50.88283244256541,51.52099453573708,0.0008620689655172414],[50.88283244256541,51.52099453573708,0.0012068965517241384],[50.88283244256541,51.52099453573708,0.0015517241379310346],[50.88283244256541,51.52099453573708,0.0018965517241379317],[50.88283244256541,51.52099453573708,0.002241379310344828],[50.88283244256541,51.52099453573708,0.002586206896551725],[50.88283244256541,51.52099453573708,0.002931034482758621],[50.88283244256541,51.52099453573708,0.0032758620689655174],[50.88283244256541,51.52099453573708,0.0036206896551724136],[50.88283244256541,51.52099453573708,0.0039655172413793115],[50.88283244256541,51.52099453573708,0.004310344827586208],[50.88283244256541,51.52099453573708,0.004655172413793104],[50.88283244256541,51.52099453573708,0.005]]},"detection_mean":{"header":["mean","pyseq_sequence"],"values":[[105.68,-0.005],[111.32,-0.004655172413793104],[102.93,-0.004310344827586207],[105.41,-0.003965517241379311],[98.57,-0.0036206896551724136],[110.52,-0.0032758620689655174],[112.47,-0.0029310344827586207],[108.77,-0.002586206896551724],[105.6,-0.0022413793103448275],[102.77,-0.0018965517241379308],[97.58,-0.0015517241379310342],[104.63,-0.0012068965517241376],[107.74,-0.0008620689655172414],[83.33,-0.0005172413793103443],[65.14,-0.0001724137931034481],[76.39,0.00017241379310344897],[54.59,0.0005172413793103452],[98.1,0.0008620689655172414],[102.27,0.0012068965517241384],[92.43,0.0015517241379310346],[106.5,0.0018965517241379317],[106.07,0.002241379310344828],[105.99,0.002586206896551725],[107.43,0.002931034482758621],[109.71,0.0032758620689655174],[105.94,0.0036206896551724136],[107.93,0.0039655172413793115],[102.25,0.004310344827586208],[109.71,0.004655172413793104],[108.99,0.005]]},"doppler_mean":{"header":["mean","pyseq_sequence"],"values":[[63.58,-0.005],[63.3,-0.004655172413793104],[61.79,-0.004310344827586207],[62.84,-0.003965517241379311],[62.32,-0.0036206896551724136],[63.54,-0.0032758620689655174],[65.14,-0.0029310344827586207],[62.81,-0.002586206896551724],[65.57,-0.0022413793103448275],[63.82,-0.0018965517241379308],[62.98,-0.0015517241379310342],[62.53,-0.0012068965517241376],[64.97,-0.0008620689655172414],[62.69,-0.0005172413793103443],[63.72,-0.0001724137931034481],[62.64,0.00017241379310344897],[64.08,0.0005172413793103452],[63.91,0.0008620689655172414],[63.28,0.0012068965517241384],[65.65,0.0015517241379310346],[64.62,0.0018965517241379317],[63.87,0.002241379310344828],[65.54,0.002586206896551725],[62.86,0.002931034482758621],[63.91,0.0032758620689655174],[62.85,0.0036206896551724136],[65.93,0.0039655172413793115],[65.15,0.004310344827586208],[63.82,0.004655172413793104],[63.42,0.005]]},"bins":{"header":["bin 0","bin 1","bin 2","pyseq_sequence"],"values":[[5,0,95,-0.005],[2,0,98,-0.004655172413793104],[6,0,94,-0.004310344827586207],[6,0,94,-0.003965517241379311],[12,0,88,-0.0036206896551724136],[0,0,100,-0.0032758620689655174],[1,0,99,-0.0029310344827586207],[2,0,98,-0.002586206896551724],[5,0,95,-0.0022413793103448275],[9,0,91,-0.0018965517241379308],[11,0,89,-0.0015517241379310342],[5,0,95,-0.0012068965517241376],[3,0,97,-0.0008620689655172414],[26,0,74,-0.0005172413793103443],[43,0,57,-0.0001724137931034481],[33,0,67,0.00017241379310344897],[54,0,46,0.0005172413793103452],[12,0,88,0.0008620689655172414],[8,0,92,0.0012068965517241384],[17,0,83,0.0015517241379310346],[3,0,97,0.0018965517241379317],[5,0,95,0.002241379310344828],[5,0,95,0.002586206896551725],[3,0,97,0.002931034482758621],[2,0,98,0.0032758620689655174],[4,0,96,0.0036206896551724136],[2,0,98,0.0039655172413793115],[9,0,91,0.004310344827586208],[2,0,98,0.004655172413793104],[1,0,99,0.005]]}},"parameters":{"description":"QLS com (S) w/ recover","experiment_parameters":{"No. Of Ions":2,